sample_name	Lachnospiraceae_Coriobacteriaceae	S24-7_Coriobacteriaceae	Ruminococcaceae_Coriobacteriaceae	Ruminococcaceae_Verrucomicrobiaceae	UCA_TbMCA	CDCA_TbMCA	UDCA_TbMCA	sb_carn	anonymized_name	cage_food_consumption_g	cage_location	cage_notes	cage_number	Both	timepoint	hours	z	cycle	collection_timestamp	description	diet	dob	elevation	empo_1	empo_2	empo_3	env_biome	env_feature	env_material	env_package	experiment_duration	exposure_start	exposure_type	general_notes	genotype	geo_loc_name	host_age	host_age_units	host_body_habitat	host_body_product	host_body_site	host_life_stage	host_scientific_name	host_subject_id	host_taxid	host_weight	host_weight_units	latitude	longitude	metabolomics_sample_id	mouse_notes	mouse_number	physical_specimen_location	qiita_study_id	sample_name_orit	sample_type	scientific_name	sex	taxon_id	title	treatment	merged_time	train_test_mmvec	ZT
125_1	3.900849705	7.270158231	2.387742901	-3.797779616	-4.919158463	-2.766113632	-1.991610117	-1.991610117	A24.125.1	not applicable	not applicable	not applicable	A24	IHC6	1	0	0	day	12/14/17 8:00	4-8 am collection mouse 125	HFD	Missing: Not provided	193	Host-associated	Animal-associated	Animal distal gut	urban biome	animal-associated habitat	feces	host-associated	6 days	10/9/17	IHC		ApoE KO	USA:CA:San Diego	10	weeks	UBERON:feces	UBERON:feces	UBERON:feces	Adult	Mus musculus	Mouse 125	10090	not provided	g	32.842	-117.258	A24_125_01b		125	UCSDMI	11548	not applicable	feces	mouse gut metagenome	male	410661	IHC CR	In chamber	IHC0.0	Test	2
125_2	3.558517636	7.187657164	2.437504411	-3.951617062	-3.271901701	-2.96034417	-1.127313242	-1.127313242	A24.125.2	not applicable	not applicable	not applicable	A24	IHC1	2	4	1	day	12/14/17 12:00	8 am-12 pm collection mouse 125	HFD	Missing: Not provided	193	Host-associated	Animal-associated	Animal distal gut	urban biome	animal-associated habitat	feces	host-associated	6 days	10/9/17	IHC		ApoE KO	USA:CA:San Diego	10	weeks	UBERON:feces	UBERON:feces	UBERON:feces	Adult	Mus musculus	Mouse 125	10090	not provided	g	32.842	-117.258	A24_125_02b		125	UCSDMI	11548	not applicable	feces	mouse gut metagenome	male	410661	IHC CR	In chamber	IHC4.0	Test	6
125_3	2.619968733	5.287524033	1.548813291	-2.868253953					A24.125.3	not applicable	not applicable	not applicable	A24	IHC2	3	8	1	day	12/14/17 16:00	12 pm-4 pm collection mouse 125	HFD	Missing: Not provided	193	Host-associated	Animal-associated	Animal distal gut	urban biome	animal-associated habitat	feces	host-associated	6 days	10/9/17	IHC		ApoE KO	USA:CA:San Diego	10	weeks	UBERON:feces	UBERON:feces	UBERON:feces	Adult	Mus musculus	Mouse 125	10090	not provided	g	32.842	-117.258			125	UCSDMI	11548	not applicable	feces	mouse gut metagenome	male	410661	IHC CR	In chamber	IHC8.0	Train	10
125_4	2.592438719	4.765512836	0.561684041	-3.785878665	-3.621422397	-1.167836841	-1.06682435	-1.06682435	A24.125.4	not applicable	not applicable	not applicable	A24	IHC3	4	12	1	night	12/14/17 20:00	4 pm-8 pm collection mouse 125	HFD	Missing: Not provided	193	Host-associated	Animal-associated	Animal distal gut	urban biome	animal-associated habitat	feces	host-associated	6 days	10/9/17	IHC		ApoE KO	USA:CA:San Diego	10	weeks	UBERON:feces	UBERON:feces	UBERON:feces	Adult	Mus musculus	Mouse 125	10090	not provided	g	32.842	-117.258	A24_125_04b		125	UCSDMI	11548	not applicable	feces	mouse gut metagenome	male	410661	IHC CR	In chamber	IHC12.0	Train	14
125_5	4.301358732	7.040711506	2.653241965	-5.128480926	-3.893179378	-1.586027096	-1.281105084	-1.281105084	A24.125.5	not applicable	not applicable	not applicable	A24	IHC4	5	16	0	night	12/15/17 0:00	8 pm-12 am collection mouse 125	HFD	Missing: Not provided	193	Host-associated	Animal-associated	Animal distal gut	urban biome	animal-associated habitat	feces	host-associated	6 days	10/9/17	IHC		ApoE KO	USA:CA:San Diego	10	weeks	UBERON:feces	UBERON:feces	UBERON:feces	Adult	Mus musculus	Mouse 125	10090	not provided	g	32.842	-117.258	A24_125_05b		125	UCSDMI	11548	not applicable	feces	mouse gut metagenome	male	410661	IHC CR	In chamber	IHC16.0	Test	18
125_6	3.48635519	4.171819874	0.99119204	-4.573009031	-3.214462515	-1.420675417	-0.404186924	-0.404186924	A24.125.6	not applicable	not applicable	not applicable	A24	IHC5	6	20	0	night	12/15/17 4:00	12 am-4 am collection mouse 125	HFD	Missing: Not provided	193	Host-associated	Animal-associated	Animal distal gut	urban biome	animal-associated habitat	feces	host-associated	6 days	10/9/17	IHC		ApoE KO	USA:CA:San Diego	10	weeks	UBERON:feces	UBERON:feces	UBERON:feces	Adult	Mus musculus	Mouse 125	10090	not provided	g	32.842	-117.258	A24_125_06b		125	UCSDMI	11548	not applicable	feces	mouse gut metagenome	male	410661	IHC CR	In chamber	IHC20.0	Train	22
126_1	2.403743243	5.972659809	1.775498948	-2.745938936	-4.432009121	-2.151580733	-1.472696838	-1.472696838	A25.126.1	not applicable	not applicable	not applicable	A25	IHC6	1	0	0	day	12/14/17 8:00	4-8 am collection mouse 126	HFD	Missing: Not provided	193	Host-associated	Animal-associated	Animal distal gut	urban biome	animal-associated habitat	feces	host-associated	6 days	10/9/17	IHC		ApoE KO	USA:CA:San Diego	10	weeks	UBERON:feces	UBERON:feces	UBERON:feces	Adult	Mus musculus	Mouse 126	10090	not provided	g	32.842	-117.258	A25_126_01b		126	UCSDMI	11548	not applicable	feces	mouse gut metagenome	male	410661	IHC CR	In chamber	IHC0.0	Test	2
126_2	3.504054767	6.342891369	2.463853241	-2.642470949	-7.740813707	-5.180937184	-4.056897474	-4.056897474	A25.126.2	not applicable	not applicable	not applicable	A25	IHC1	2	4	1	day	12/14/17 12:00	8 am-12 pm collection mouse 126	HFD	Missing: Not provided	193	Host-associated	Animal-associated	Animal distal gut	urban biome	animal-associated habitat	feces	host-associated	6 days	10/9/17	IHC		ApoE KO	USA:CA:San Diego	10	weeks	UBERON:feces	UBERON:feces	UBERON:feces	Adult	Mus musculus	Mouse 126	10090	not provided	g	32.842	-117.258	A25_126_02b		126	UCSDMI	11548	not applicable	feces	mouse gut metagenome	male	410661	IHC CR	In chamber	IHC4.0	Train	6
126_3	3.184974273	6.585251692	1.446918983	-5.03542355	-5.531224689	-3.660770508	-2.813543437	-2.813543437	A25.126.3	not applicable	not applicable	not applicable	A25	IHC2	3	8	1	day	12/14/17 16:00	12 pm-4 pm collection mouse 126	HFD	Missing: Not provided	193	Host-associated	Animal-associated	Animal distal gut	urban biome	animal-associated habitat	feces	host-associated	6 days	10/9/17	IHC		ApoE KO	USA:CA:San Diego	10	weeks	UBERON:feces	UBERON:feces	UBERON:feces	Adult	Mus musculus	Mouse 126	10090	not provided	g	32.842	-117.258	A25_126_03b		126	UCSDMI	11548	not applicable	feces	mouse gut metagenome	male	410661	IHC CR	In chamber	IHC8.0	Train	10
126_4	3.414990704	6.539104144	1.981001469	-4.42684065	-5.275259331	-3.108312937	-2.479808665	-2.479808665	A25.126.4	not applicable	not applicable	not applicable	A25	IHC3	4	12	1	night	12/14/17 20:00	4 pm-8 pm collection mouse 126	HFD	Missing: Not provided	193	Host-associated	Animal-associated	Animal distal gut	urban biome	animal-associated habitat	feces	host-associated	6 days	10/9/17	IHC		ApoE KO	USA:CA:San Diego	10	weeks	UBERON:feces	UBERON:feces	UBERON:feces	Adult	Mus musculus	Mouse 126	10090	not provided	g	32.842	-117.258	A25_126_04b		126	UCSDMI	11548	not applicable	feces	mouse gut metagenome	male	410661	IHC CR	In chamber	IHC12.0	Test	14
126_5	3.115981402	6.208366437	1.586965057	-5.426650613	-5.993675994	-3.596245008	-2.678371937	-2.678371937	A25.126.5	not applicable	not applicable	not applicable	A25	IHC4	5	16	0	night	12/15/17 0:00	8 pm-12 am collection mouse 126	HFD	Missing: Not provided	193	Host-associated	Animal-associated	Animal distal gut	urban biome	animal-associated habitat	feces	host-associated	6 days	10/9/17	IHC		ApoE KO	USA:CA:San Diego	10	weeks	UBERON:feces	UBERON:feces	UBERON:feces	Adult	Mus musculus	Mouse 126	10090	not provided	g	32.842	-117.258	A25_126_05b		126	UCSDMI	11548	not applicable	feces	mouse gut metagenome	male	410661	IHC CR	In chamber	IHC16.0	Test	18
126_6	3.928552307	6.768684764	2.803360381	-4.915399186	-4.287830718	-2.432321863	-1.902021231	-1.902021231	A25.126.6	not applicable	not applicable	not applicable	A25	IHC5	6	20	0	night	12/15/17 4:00	12 am-4 am collection mouse 126	HFD	Missing: Not provided	193	Host-associated	Animal-associated	Animal distal gut	urban biome	animal-associated habitat	feces	host-associated	6 days	10/9/17	IHC		ApoE KO	USA:CA:San Diego	10	weeks	UBERON:feces	UBERON:feces	UBERON:feces	Adult	Mus musculus	Mouse 126	10090	not provided	g	32.842	-117.258	A25_126_06b		126	UCSDMI	11548	not applicable	feces	mouse gut metagenome	male	410661	IHC CR	In chamber	IHC20.0	Test	22
127_1	3.240459397	5.619082474	2.397895273	-3.805192172	-4.587997105	-1.83690851	-0.581168338	-0.581168338	A26.127.1	not applicable	not applicable	not applicable	A26	IHC6	1	0	0	day	12/14/17 8:00	4-8 am collection mouse 127	HFD	Missing: Not provided	193	Host-associated	Animal-associated	Animal distal gut	urban biome	animal-associated habitat	feces	host-associated	6 days	10/9/17	IHC		ApoE KO	USA:CA:San Diego	10	weeks	UBERON:feces	UBERON:feces	UBERON:feces	Adult	Mus musculus	Mouse 127	10090	not provided	g	32.842	-117.258	A26_127_01b		127	UCSDMI	11548	not applicable	feces	mouse gut metagenome	male	410661	IHC CR	In chamber	IHC0.0	Train	2
127_2	2.83085763	5.726065683	2.132982309	-3.310127803	-6.275186435	-3.411513066	-2.496399477	-2.496399477	A26.127.2	not applicable	not applicable	not applicable	A26	IHC1	2	4	1	day	12/14/17 12:00	8 am-12 pm collection mouse 127	HFD	Missing: Not provided	193	Host-associated	Animal-associated	Animal distal gut	urban biome	animal-associated habitat	feces	host-associated	6 days	10/9/17	IHC		ApoE KO	USA:CA:San Diego	10	weeks	UBERON:feces	UBERON:feces	UBERON:feces	Adult	Mus musculus	Mouse 127	10090	not provided	g	32.842	-117.258	A26_127_02b		127	UCSDMI	11548	not applicable	feces	mouse gut metagenome	male	410661	IHC CR	In chamber	IHC4.0	Train	6
127_3	2.913402005	4.580679166	2.263106282	-3.332563985	-3.703312709	-2.130875406	-1.122012088	-1.122012088	A26.127.3	not applicable	not applicable	not applicable	A26	IHC2	3	8	1	day	12/14/17 16:00	12 pm-4 pm collection mouse 127	HFD	Missing: Not provided	193	Host-associated	Animal-associated	Animal distal gut	urban biome	animal-associated habitat	feces	host-associated	6 days	10/9/17	IHC		ApoE KO	USA:CA:San Diego	10	weeks	UBERON:feces	UBERON:feces	UBERON:feces	Adult	Mus musculus	Mouse 127	10090	not provided	g	32.842	-117.258	A26_127_03b		127	UCSDMI	11548	not applicable	feces	mouse gut metagenome	male	410661	IHC CR	In chamber	IHC8.0	Test	10
127_4	3.353406718	3.923951576	1.218413488	-3.81510939	-3.068995385	-0.889430269	-0.521459158	-0.521459158	A26.127.4	not applicable	not applicable	not applicable	A26	IHC3	4	12	1	night	12/14/17 20:00	4 pm-8 pm collection mouse 127	HFD	Missing: Not provided	193	Host-associated	Animal-associated	Animal distal gut	urban biome	animal-associated habitat	feces	host-associated	6 days	10/9/17	IHC		ApoE KO	USA:CA:San Diego	10	weeks	UBERON:feces	UBERON:feces	UBERON:feces	Adult	Mus musculus	Mouse 127	10090	not provided	g	32.842	-117.258	A26_127_04b		127	UCSDMI	11548	not applicable	feces	mouse gut metagenome	male	410661	IHC CR	In chamber	IHC12.0	Train	14
127_5	4.143134726	5.300398533	2.187922185	-4.683082661	-7.146358181	-4.42628232	-3.964866712	-3.964866712	A26.127.5	not applicable	not applicable	not applicable	A26	IHC4	5	16	0	night	12/15/17 0:00	8 pm-12 am collection mouse 127	HFD	Missing: Not provided	193	Host-associated	Animal-associated	Animal distal gut	urban biome	animal-associated habitat	feces	host-associated	6 days	10/9/17	IHC		ApoE KO	USA:CA:San Diego	10	weeks	UBERON:feces	UBERON:feces	UBERON:feces	Adult	Mus musculus	Mouse 127	10090	not provided	g	32.842	-117.258	A26_127_05b		127	UCSDMI	11548	not applicable	feces	mouse gut metagenome	male	410661	IHC CR	In chamber	IHC16.0	Train	18
127_6	3.717804877	5.152788829	1.970451258	-3.967314358	-5.512087494	-3.514148828	-2.956613501	-2.956613501	A26.127.6	not applicable	not applicable	not applicable	A26	IHC5	6	20	0	night	12/15/17 4:00	12 am-4 am collection mouse 127	HFD	Missing: Not provided	193	Host-associated	Animal-associated	Animal distal gut	urban biome	animal-associated habitat	feces	host-associated	6 days	10/9/17	IHC		ApoE KO	USA:CA:San Diego	10	weeks	UBERON:feces	UBERON:feces	UBERON:feces	Adult	Mus musculus	Mouse 127	10090	not provided	g	32.842	-117.258	A26_127_06b		127	UCSDMI	11548	not applicable	feces	mouse gut metagenome	male	410661	IHC CR	In chamber	IHC20.0	Train	22
128_1	-0.693147181	0	0.693147181	0.287682072	-6.604846246	-3.644952366	-2.294587579	-2.294587579	A27.128.1	not applicable	not applicable	not applicable	A27	IHC6	1	0	0	day	12/14/17 8:00	4-8 am collection mouse 128	HFD	Missing: Not provided	193	Host-associated	Animal-associated	Animal distal gut	urban biome	animal-associated habitat	feces	host-associated	6 days	10/9/17	IHC		ApoE KO	USA:CA:San Diego	10	weeks	UBERON:feces	UBERON:feces	UBERON:feces	Adult	Mus musculus	Mouse 128	10090	not provided	g	32.842	-117.258	A27_128_01b		128	UCSDMI	11548	not applicable	feces	mouse gut metagenome	male	410661	IHC CR	In chamber	IHC0.0	Train	2
128_2	2.837127243	6.290828124	2.247776856	-3.705466478	-5.942016595	-4.02339019	-2.565190897	-2.565190897	A27.128.2	not applicable	not applicable	not applicable	A27	IHC1	2	4	1	day	12/14/17 12:00	8 am-12 pm collection mouse 128	HFD	Missing: Not provided	193	Host-associated	Animal-associated	Animal distal gut	urban biome	animal-associated habitat	feces	host-associated	6 days	10/9/17	IHC		ApoE KO	USA:CA:San Diego	10	weeks	UBERON:feces	UBERON:feces	UBERON:feces	Adult	Mus musculus	Mouse 128	10090	not provided	g	32.842	-117.258	A27_128_02b		128	UCSDMI	11548	not applicable	feces	mouse gut metagenome	male	410661	IHC CR	In chamber	IHC4.0	Test	6
128_3	2.808011552	5.59556889	1.859897274	-3.608162867	-4.672504028	-2.607574222	-1.564815451	-1.564815451	A27.128.3	not applicable	not applicable	not applicable	A27	IHC2	3	8	1	day	12/14/17 16:00	12 pm-4 pm collection mouse 128	HFD	Missing: Not provided	193	Host-associated	Animal-associated	Animal distal gut	urban biome	animal-associated habitat	feces	host-associated	6 days	10/9/17	IHC		ApoE KO	USA:CA:San Diego	10	weeks	UBERON:feces	UBERON:feces	UBERON:feces	Adult	Mus musculus	Mouse 128	10090	not provided	g	32.842	-117.258	A27_128_03b		128	UCSDMI	11548	not applicable	feces	mouse gut metagenome	male	410661	IHC CR	In chamber	IHC8.0	Test	10
128_4	2.80813366	5.755242422	1.566420527	-4.852373612	-6.14624917	-3.585819829	-2.676542685	-2.676542685	A27.128.4	not applicable	not applicable	not applicable	A27	IHC3	4	12	1	night	12/14/17 20:00	4 pm-8 pm collection mouse 128	HFD	Missing: Not provided	193	Host-associated	Animal-associated	Animal distal gut	urban biome	animal-associated habitat	feces	host-associated	6 days	10/9/17	IHC		ApoE KO	USA:CA:San Diego	10	weeks	UBERON:feces	UBERON:feces	UBERON:feces	Adult	Mus musculus	Mouse 128	10090	not provided	g	32.842	-117.258	A27_128_04b		128	UCSDMI	11548	not applicable	feces	mouse gut metagenome	male	410661	IHC CR	In chamber	IHC12.0	Test	14
128_5	2.463853241	5.588932633	1.558144618	-4.765407567	-5.915832607	-3.372011184	-2.82229873	-2.82229873	A27.128.5	not applicable	not applicable	not applicable	A27	IHC4	5	16	0	night	12/15/17 0:00	8 pm-12 am collection mouse 128	HFD	Missing: Not provided	193	Host-associated	Animal-associated	Animal distal gut	urban biome	animal-associated habitat	feces	host-associated	6 days	10/9/17	IHC		ApoE KO	USA:CA:San Diego	10	weeks	UBERON:feces	UBERON:feces	UBERON:feces	Adult	Mus musculus	Mouse 128	10090	not provided	g	32.842	-117.258	A27_128_05b		128	UCSDMI	11548	not applicable	feces	mouse gut metagenome	male	410661	IHC CR	In chamber	IHC16.0	Train	18
128_6	2.075646471	5.276877035	1.466337069	-4.291703996	-3.849218508	-1.898628184	-0.976030535	-0.976030535	A27.128.6	not applicable	not applicable	not applicable	A27	IHC5	6	20	0	night	12/15/17 4:00	12 am-4 am collection mouse 128	HFD	Missing: Not provided	193	Host-associated	Animal-associated	Animal distal gut	urban biome	animal-associated habitat	feces	host-associated	6 days	10/9/17	IHC		ApoE KO	USA:CA:San Diego	10	weeks	UBERON:feces	UBERON:feces	UBERON:feces	Adult	Mus musculus	Mouse 128	10090	not provided	g	32.842	-117.258	A27_128_06b		128	UCSDMI	11548	not applicable	feces	mouse gut metagenome	male	410661	IHC CR	In chamber	IHC20.0	Test	22
130_1	3.843030134	6.703460741	2.538973871	-3.96081317	-4.01656163	-1.192634924	-0.661798395	-0.661798395	A29.130.1	not applicable	not applicable	not applicable	A29	Air6	1	0	0	day	12/14/17 8:00	4-8 am collection mouse 130	HFD	Missing: Not provided	193	Host-associated	Animal-associated	Animal distal gut	urban biome	animal-associated habitat	feces	host-associated	6 days	10/9/17	Air		ApoE KO	USA:CA:San Diego	10	weeks	UBERON:feces	UBERON:feces	UBERON:feces	Adult	Mus musculus	Mouse 130	10090	not provided	g	32.842	-117.258	A29_130_01b		130	UCSDMI	11548	not applicable	feces	mouse gut metagenome	male	410661	IHC CR	On shelf	Air0.0	Train	2
130_2	3.64631984	5.766496416	2.319114395	-3.938074151	-3.596902155	-0.878163331	-0.881402307	-0.881402307	A29.130.2	not applicable	not applicable	not applicable	A29	Air1	2	4	1	day	12/14/17 12:00	8 am-12 pm collection mouse 130	HFD	Missing: Not provided	193	Host-associated	Animal-associated	Animal distal gut	urban biome	animal-associated habitat	feces	host-associated	6 days	10/9/17	Air		ApoE KO	USA:CA:San Diego	10	weeks	UBERON:feces	UBERON:feces	UBERON:feces	Adult	Mus musculus	Mouse 130	10090	not provided	g	32.842	-117.258	A29_130_02b		130	UCSDMI	11548	not applicable	feces	mouse gut metagenome	male	410661	IHC CR	On shelf	Air4.0	Train	6
130_3	3.505380734	4.384596858	1.218571604	-3.786361187	-3.414159912	-0.95805806	-0.154942378	-0.154942378	A29.130.3	not applicable	not applicable	not applicable	A29	Air2	3	8	1	day	12/14/17 16:00	12 pm-4 pm collection mouse 130	HFD	Missing: Not provided	193	Host-associated	Animal-associated	Animal distal gut	urban biome	animal-associated habitat	feces	host-associated	6 days	10/9/17	Air		ApoE KO	USA:CA:San Diego	10	weeks	UBERON:feces	UBERON:feces	UBERON:feces	Adult	Mus musculus	Mouse 130	10090	not provided	g	32.842	-117.258	A29_130_03b		130	UCSDMI	11548	not applicable	feces	mouse gut metagenome	male	410661	IHC CR	On shelf	Air8.0	Train	10
130_4	2.687847494	5.185148668	0.490622916	-5.332028424	-4.303801862	-1.593586693	-0.928800752	-0.928800752	A29.130.4	not applicable	not applicable	not applicable	A29	Air3	4	12	1	night	12/14/17 20:00	4 pm-8 pm collection mouse 130	HFD	Missing: Not provided	193	Host-associated	Animal-associated	Animal distal gut	urban biome	animal-associated habitat	feces	host-associated	6 days	10/9/17	Air		ApoE KO	USA:CA:San Diego	10	weeks	UBERON:feces	UBERON:feces	UBERON:feces	Adult	Mus musculus	Mouse 130	10090	not provided	g	32.842	-117.258	A29_130_04b		130	UCSDMI	11548	not applicable	feces	mouse gut metagenome	male	410661	IHC CR	On shelf	Air12.0	Train	14
130_5	2.340736859	5.858567874	1.116961427	-5.657071965	-4.605594621	-0.599968785	-1.366700575	-1.366700575	A29.130.5	not applicable	not applicable	not applicable	A29	Air4	5	16	0	night	12/15/17 0:00	8 pm-12 am collection mouse 130	HFD	Missing: Not provided	193	Host-associated	Animal-associated	Animal distal gut	urban biome	animal-associated habitat	feces	host-associated	6 days	10/9/17	Air		ApoE KO	USA:CA:San Diego	10	weeks	UBERON:feces	UBERON:feces	UBERON:feces	Adult	Mus musculus	Mouse 130	10090	not provided	g	32.842	-117.258	A29_130_05b		130	UCSDMI	11548	not applicable	feces	mouse gut metagenome	male	410661	IHC CR	On shelf	Air16.0	Test	18
130_6	2.268683541	5.651123726	0.543615447	-6.188793889	-3.826206966	-0.590484847	-1.425828449	-1.425828449	A29.130.6	not applicable	not applicable	not applicable	A29	Air5	6	20	0	night	12/15/17 4:00	12 am-4 am collection mouse 130	HFD	Missing: Not provided	193	Host-associated	Animal-associated	Animal distal gut	urban biome	animal-associated habitat	feces	host-associated	6 days	10/9/17	Air		ApoE KO	USA:CA:San Diego	10	weeks	UBERON:feces	UBERON:feces	UBERON:feces	Adult	Mus musculus	Mouse 130	10090	not provided	g	32.842	-117.258	A29_130_06b		130	UCSDMI	11548	not applicable	feces	mouse gut metagenome	male	410661	IHC CR	On shelf	Air20.0	Train	22
131_1	2.944438979	6.181766992	2.050171159	-4.783606316	-3.097512056	-3.24346496	-1.947208524	-1.947208524	A30.131.1	not applicable	not applicable	not applicable	A30	Air6	1	0	0	day	12/14/17 8:00	4-8 am collection mouse 131	HFD	Missing: Not provided	193	Host-associated	Animal-associated	Animal distal gut	urban biome	animal-associated habitat	feces	host-associated	6 days	10/9/17	Air		ApoE KO	USA:CA:San Diego	10	weeks	UBERON:feces	UBERON:feces	UBERON:feces	Adult	Mus musculus	Mouse 131	10090	not provided	g	32.842	-117.258	A30_131_01b		131	UCSDMI	11548	not applicable	feces	mouse gut metagenome	male	410661	IHC CR	On shelf	Air0.0	Test	2
131_2	2.118443699	4.272554141	0.960742494	-4.080921542	-1.142143498	-1.037146792	-0.587013038	-0.587013038	A30.131.2	not applicable	not applicable	not applicable	A30	Air1	2	4	1	day	12/14/17 12:00	8 am-12 pm collection mouse 131	HFD	Missing: Not provided	193	Host-associated	Animal-associated	Animal distal gut	urban biome	animal-associated habitat	feces	host-associated	6 days	10/9/17	Air		ApoE KO	USA:CA:San Diego	10	weeks	UBERON:feces	UBERON:feces	UBERON:feces	Adult	Mus musculus	Mouse 131	10090	not provided	g	32.842	-117.258	A30_131_02b		131	UCSDMI	11548	not applicable	feces	mouse gut metagenome	male	410661	IHC CR	On shelf	Air4.0	Train	6
131_3	2.491827093	4.112693701	1.016638706	-3.898158491					A30.131.3	not applicable	not applicable	not applicable	A30	Air2	3	8	1	day	12/14/17 16:00	12 pm-4 pm collection mouse 131	HFD	Missing: Not provided	193	Host-associated	Animal-associated	Animal distal gut	urban biome	animal-associated habitat	feces	host-associated	6 days	10/9/17	Air		ApoE KO	USA:CA:San Diego	10	weeks	UBERON:feces	UBERON:feces	UBERON:feces	Adult	Mus musculus	Mouse 131	10090	not provided	g	32.842	-117.258			131	UCSDMI	11548	not applicable	feces	mouse gut metagenome	male	410661	IHC CR	On shelf	Air8.0	Test	10
131_4	0.931038589	2.609229103	0.177548278	-3.766969576	-0.469169697	-0.471779249	-0.100712467	-0.100712467	A30.131.4	not applicable	not applicable	not applicable	A30	Air3	4	12	1	night	12/14/17 20:00	4 pm-8 pm collection mouse 131	HFD	Missing: Not provided	193	Host-associated	Animal-associated	Animal distal gut	urban biome	animal-associated habitat	feces	host-associated	6 days	10/9/17	Air		ApoE KO	USA:CA:San Diego	10	weeks	UBERON:feces	UBERON:feces	UBERON:feces	Adult	Mus musculus	Mouse 131	10090	not provided	g	32.842	-117.258	A30_131_04b		131	UCSDMI	11548	not applicable	feces	mouse gut metagenome	male	410661	IHC CR	On shelf	Air12.0	Test	14
131_5	3.226122233	4.287965674	1.278405399	-5.184553143	-1.729439357	-1.011346459	-0.048371562	-0.048371562	A30.131.5	not applicable	not applicable	not applicable	A30	Air4	5	16	0	night	12/15/17 0:00	8 pm-12 am collection mouse 131	HFD	Missing: Not provided	193	Host-associated	Animal-associated	Animal distal gut	urban biome	animal-associated habitat	feces	host-associated	6 days	10/9/17	Air		ApoE KO	USA:CA:San Diego	10	weeks	UBERON:feces	UBERON:feces	UBERON:feces	Adult	Mus musculus	Mouse 131	10090	not provided	g	32.842	-117.258	A30_131_05b		131	UCSDMI	11548	not applicable	feces	mouse gut metagenome	male	410661	IHC CR	On shelf	Air16.0	Test	18
131_6	3.894085305	6.232448017	2.079441542	-5.393248687	-3.842376233	-2.330038119	-0.883460146	-0.883460146	A30.131.6	not applicable	not applicable	not applicable	A30	Air5	6	20	0	night	12/15/17 4:00	12 am-4 am collection mouse 131	HFD	Missing: Not provided	193	Host-associated	Animal-associated	Animal distal gut	urban biome	animal-associated habitat	feces	host-associated	6 days	10/9/17	Air		ApoE KO	USA:CA:San Diego	10	weeks	UBERON:feces	UBERON:feces	UBERON:feces	Adult	Mus musculus	Mouse 131	10090	not provided	g	32.842	-117.258	A30_131_06b		131	UCSDMI	11548	not applicable	feces	mouse gut metagenome	male	410661	IHC CR	On shelf	Air20.0	Test	22
132_1	2.590981196	5.180820004	1.513556141	-3.97903488	-4.1912891	-0.738454357	-0.723634842	-0.723634842	A31.132.1	not applicable	not applicable	not applicable	A31	Air6	1	0	0	day	12/14/17 8:00	4-8 am collection mouse 132	HFD	Missing: Not provided	193	Host-associated	Animal-associated	Animal distal gut	urban biome	animal-associated habitat	feces	host-associated	6 days	10/9/17	Air		ApoE KO	USA:CA:San Diego	10	weeks	UBERON:feces	UBERON:feces	UBERON:feces	Adult	Mus musculus	Mouse 132	10090	not provided	g	32.842	-117.258	A31_132_01b		132	UCSDMI	11548	not applicable	feces	mouse gut metagenome	male	410661	IHC CR	On shelf	Air0.0	Train	2
132_2	2.724579503	3.855763841	0.962275845	-3.717947245	-4.507496424	-0.389304313	-0.509513523	-0.509513523	A31.132.2	not applicable	not applicable	not applicable	A31	Air1	2	4	1	day	12/14/17 12:00	8 am-12 pm collection mouse 132	HFD	Missing: Not provided	193	Host-associated	Animal-associated	Animal distal gut	urban biome	animal-associated habitat	feces	host-associated	6 days	10/9/17	Air		ApoE KO	USA:CA:San Diego	10	weeks	UBERON:feces	UBERON:feces	UBERON:feces	Adult	Mus musculus	Mouse 132	10090	not provided	g	32.842	-117.258	A31_132_02b		132	UCSDMI	11548	not applicable	feces	mouse gut metagenome	male	410661	IHC CR	On shelf	Air4.0	Test	6
132_3	1.474847758	5.459900673	1.319283651	-4.314976712	-4.847176832	-1.966691093	-1.041044947	-1.041044947	A31.132.3	not applicable	not applicable	not applicable	A31	Air2	3	8	1	day	12/14/17 16:00	12 pm-4 pm collection mouse 132	HFD	Missing: Not provided	193	Host-associated	Animal-associated	Animal distal gut	urban biome	animal-associated habitat	feces	host-associated	6 days	10/9/17	Air		ApoE KO	USA:CA:San Diego	10	weeks	UBERON:feces	UBERON:feces	UBERON:feces	Adult	Mus musculus	Mouse 132	10090	not provided	g	32.842	-117.258	A31_132_03b		132	UCSDMI	11548	not applicable	feces	mouse gut metagenome	male	410661	IHC CR	On shelf	Air8.0	Test	10
132_4	2.442959218	4.198577682	0.831070324	-3.866460755	-4.218608299	-0.862493395	-0.774118357	-0.774118357	A31.132.4	not applicable	not applicable	not applicable	A31	Air3	4	12	1	night	12/14/17 20:00	4 pm-8 pm collection mouse 132	HFD	Missing: Not provided	193	Host-associated	Animal-associated	Animal distal gut	urban biome	animal-associated habitat	feces	host-associated	6 days	10/9/17	Air		ApoE KO	USA:CA:San Diego	10	weeks	UBERON:feces	UBERON:feces	UBERON:feces	Adult	Mus musculus	Mouse 132	10090	not provided	g	32.842	-117.258	A31_132_04b		132	UCSDMI	11548	not applicable	feces	mouse gut metagenome	male	410661	IHC CR	On shelf	Air12.0	Train	14
132_5	2.995732274	5.372187215	1.498772345	-4.937683228	-4.122576847	0.224129549	-0.835032213	-0.835032213	A31.132.5	not applicable	not applicable	not applicable	A31	Air4	5	16	0	night	12/15/17 0:00	8 pm-12 am collection mouse 132	HFD	Missing: Not provided	193	Host-associated	Animal-associated	Animal distal gut	urban biome	animal-associated habitat	feces	host-associated	6 days	10/9/17	Air		ApoE KO	USA:CA:San Diego	10	weeks	UBERON:feces	UBERON:feces	UBERON:feces	Adult	Mus musculus	Mouse 132	10090	not provided	g	32.842	-117.258	A31_132_05b		132	UCSDMI	11548	not applicable	feces	mouse gut metagenome	male	410661	IHC CR	On shelf	Air16.0	Train	18
132_6	2.290979547	5.2232622	1.521026955	-4.665577285	-3.509132328	-1.220936439	-0.435066194	-0.435066194	A31.132.6	not applicable	not applicable	not applicable	A31	Air5	6	20	0	night	12/15/17 4:00	12 am-4 am collection mouse 132	HFD	Missing: Not provided	193	Host-associated	Animal-associated	Animal distal gut	urban biome	animal-associated habitat	feces	host-associated	6 days	10/9/17	Air		ApoE KO	USA:CA:San Diego	10	weeks	UBERON:feces	UBERON:feces	UBERON:feces	Adult	Mus musculus	Mouse 132	10090	not provided	g	32.842	-117.258	A31_132_06b		132	UCSDMI	11548	not applicable	feces	mouse gut metagenome	male	410661	IHC CR	On shelf	Air20.0	Test	22
133_1	3.638316887	5.106282118	1.187165686	-4.207092974	-5.189189323	-1.762604932	-0.535922963	-0.535922963	A32.133.1	not applicable	not applicable	not applicable	A32	Air6	1	0	0	day	12/14/17 8:00	4-8 am collection mouse 133	HFD	Missing: Not provided	193	Host-associated	Animal-associated	Animal distal gut	urban biome	animal-associated habitat	feces	host-associated	6 days	10/9/17	Air		ApoE KO	USA:CA:San Diego	10	weeks	UBERON:feces	UBERON:feces	UBERON:feces	Adult	Mus musculus	Mouse 133	10090	not provided	g	32.842	-117.258	132_133_01b		133	LBR freezer	11548	not applicable	feces	mouse gut metagenome	male	410661	IHC CR	On shelf	Air0.0	Test	2
133_2	2.948259423	4.059188305	0.646627165	-4.00212484	-4.229319228	-1.177647404	-0.371166971	-0.371166971	A32.133.2	not applicable	not applicable	not applicable	A32	Air1	2	4	1	day	12/14/17 12:00	8 am-12 pm collection mouse 133	HFD	Missing: Not provided	193	Host-associated	Animal-associated	Animal distal gut	urban biome	animal-associated habitat	feces	host-associated	6 days	10/9/17	Air		ApoE KO	USA:CA:San Diego	10	weeks	UBERON:feces	UBERON:feces	UBERON:feces	Adult	Mus musculus	Mouse 133	10090	not provided	g	32.842	-117.258	132_133_02b		133	LBR freezer	11548	not applicable	feces	mouse gut metagenome	male	410661	IHC CR	On shelf	Air4.0	Test	6
133_3	3.051482289	3.288899276	0.246860078	-3.890969596	-4.409771887	-0.570492196	-0.440047354	-0.440047354	A32.133.3	not applicable	not applicable	not applicable	A32	Air2	3	8	1	day	12/14/17 16:00	12 pm-4 pm collection mouse 133	HFD	Missing: Not provided	193	Host-associated	Animal-associated	Animal distal gut	urban biome	animal-associated habitat	feces	host-associated	6 days	10/9/17	Air		ApoE KO	USA:CA:San Diego	10	weeks	UBERON:feces	UBERON:feces	UBERON:feces	Adult	Mus musculus	Mouse 133	10090	not provided	g	32.842	-117.258	132_133_03b		133	LBR freezer	11548	not applicable	feces	mouse gut metagenome	male	410661	IHC CR	On shelf	Air8.0	Train	10
133_4	-0.693147181	1.504077397	0.693147181	-2.463853241	-4.577107337	-1.692168568	-1.113631727	-1.113631727	A32.133.4	not applicable	not applicable	not applicable	A32	Air3	4	12	1	night	12/14/17 20:00	4 pm-8 pm collection mouse 133	HFD	Missing: Not provided	193	Host-associated	Animal-associated	Animal distal gut	urban biome	animal-associated habitat	feces	host-associated	6 days	10/9/17	Air		ApoE KO	USA:CA:San Diego	10	weeks	UBERON:feces	UBERON:feces	UBERON:feces	Adult	Mus musculus	Mouse 133	10090	not provided	g	32.842	-117.258	132_133_04b		133	LBR freezer	11548	not applicable	feces	mouse gut metagenome	male	410661	IHC CR	On shelf	Air12.0	Test	14
133_5	2.544095521	4.371298562	0.786237604	-5.148463	-6.171609298	-1.730003819	-1.414987646	-1.414987646	A32.133.5	not applicable	not applicable	not applicable	A32	Air4	5	16	0	night	12/15/17 0:00	8 pm-12 am collection mouse 133	HFD	Missing: Not provided	193	Host-associated	Animal-associated	Animal distal gut	urban biome	animal-associated habitat	feces	host-associated	6 days	10/9/17	Air		ApoE KO	USA:CA:San Diego	10	weeks	UBERON:feces	UBERON:feces	UBERON:feces	Adult	Mus musculus	Mouse 133	10090	not provided	g	32.842	-117.258	132_133_05b		133	LBR freezer	11548	not applicable	feces	mouse gut metagenome	male	410661	IHC CR	On shelf	Air16.0	Train	18
133_6	3.39768244	5.166288604	1.938362943	-4.57619379	-4.480198881	-1.59743344	-1.109338866	-1.109338866	A32.133.6	not applicable	not applicable	not applicable	A32	Air5	6	20	0	night	12/15/17 4:00	12 am-4 am collection mouse 133	HFD	Missing: Not provided	193	Host-associated	Animal-associated	Animal distal gut	urban biome	animal-associated habitat	feces	host-associated	6 days	10/9/17	Air		ApoE KO	USA:CA:San Diego	10	weeks	UBERON:feces	UBERON:feces	UBERON:feces	Adult	Mus musculus	Mouse 133	10090	not provided	g	32.842	-117.258	132_133_06b		133	LBR freezer	11548	not applicable	feces	mouse gut metagenome	male	410661	IHC CR	On shelf	Air20.0	Train	22